"","X","UF","frota","condutores","infracoes","sinistros","estatistica_atend","canais","educ","cfc"
"1",1,"SE","https://www.detran.se.gov.br/?pg=estatistica/veiculos#gsc.tab=0","https://www.detran.se.gov.br/?pg=estatistica/habilitacao#gsc.tab=0","https://www.detran.se.gov.br/?pg=estatistica/infracoes#gsc.tab=0","https://www.detran.se.gov.br/?pg=estatistica/acidentes#gsc.tab=0","https://www.detran.se.gov.br/?pg=estatistica/atendimento#gsc.tab=0","https://www.detran.se.gov.br/?pg=estatistica/atendimento#gsc.tab=0","https://www.detran.se.gov.br/?pg=noticias&filtro=educacao#gsc.tab=0","https://www.detran.se.gov.br/?pg=credenciado/cfc#gsc.tab=0"
"2",2,"RS","https://www.detran.rs.gov.br/dados-rs","https://www.detran.rs.gov.br/dados-rs","https://www.detran.rs.gov.br/dados-rs","https://www.detran.rs.gov.br/acidentalidade","https://www.detran.rs.gov.br/atendimento-ao-publico","https://www.detran.rs.gov.br/atendimento-ao-publico","https://www.detran.rs.gov.br/educacao-para-o-transito","https://pcsdetran.rs.gov.br/locais-atendimento/1"
"3",3,"SP","https://www.detran.sp.gov.br/wps/portal/portaldetran/detran/estatisticastransito/3a410653-0dd2-45df-a324-bdfc4711d988/","https://www.detran.sp.gov.br/wps/portal/portaldetran/detran/estatisticastransito/3a410653-0dd2-45df-a324-bdfc4711d988/","https://www.detran.sp.gov.br/wps/portal/portaldetran/detran/estatisticastransito/3a410653-0dd2-45df-a324-bdfc4711d988/","https://infosiga.detran.sp.gov.br/#sinistros","https://www.detran.sp.gov.br/detransp/pb/informacoes/canais_de_comunicacao?id=canais_de_comunicacao","https://www.detran.sp.gov.br/detransp/pb/informacoes/canais_de_comunicacao?id=canais_de_comunicacao","https://www.detran.sp.gov.br/detransp?id=segurancaviaria","https://credenciados.detran.sp.gov.br/"
"4",4,"GO","https://paineis.detran.go.gov.br/extensions/Frota/Frota.html","https://paineis.detran.go.gov.br/extensions/Condutores/Condutores.html","https://paineis.detran.go.gov.br/extensions/Multas/Multas.html","https://www.gov.br/transportes/pt-br/assuntos/transito/arquivos-senatran/docs/renaest","https://goias.gov.br/detran/estatisticas-go/","https://paineis.detran.go.gov.br/extensions/Atendimentos/Atendimentos.html","",""
"5",5,"SC","https://www.detran.sc.gov.br/estatisticas-veiculos-transparencia/","https://www.detran.sc.gov.br/estatisticas-motoristas-transparencia/","https://www.detran.sc.gov.br/estatisticas-infracoes-de-transito-transparencia/","https://www.detran.sc.gov.br/estatisticas-sinistros/","https://www.detran.sc.gov.br/atendimento-ao-publico/","https://www.detran.sc.gov.br/atendimento-ao-publico/","https://www.detran.sc.gov.br/educacao/","https://www.detran.sc.gov.br/centro-de-formacao-de-condutores/"
"6",6,"RN","http://www.detran.rn.gov.br/Conteudo.asp?TRAN=ITEM&TARG=68675&ACT=&PAGE=0&PARM=&LBL=Estat%EDstica","http://www.detran.rn.gov.br/Conteudo.asp?TRAN=ITEM&TARG=68675&ACT=&PAGE=0&PARM=&LBL=Estat%EDstica","http://www.detran.rn.gov.br/Conteudo.asp?TRAN=ITEM&TARG=68675&ACT=&PAGE=0&PARM=&LBL=Estat%EDstica","http://www.detran.rn.gov.br/Conteudo.asp?TRAN=ITEM&TARG=68675&ACT=&PAGE=0&PARM=&LBL=Estat%EDstica","http://www.detran.rn.gov.br/Conteudo.asp?TRAN=ITEM&TARG=139121&ACT=&PAGE=0&PARM=&LBL=Estat%EDstica","http://www.detran.rn.gov.br/Conteudo.asp?TRAN=ITEM&TARG=244951&ACT=&PAGE=0&PARM=&LBL=Contato","http://www.detran.rn.gov.br/Conteudo.asp?TRAN=ITEM&TARG=68880&ACT=&PAGE=0&PARM=&LBL=Educa%E7%E3o","https://www2.detran.rn.gov.br/externo/cfccredenciado.asp"
"7",7,"PR","https://bi2.pr.gov.br/single/?appid=93c1bb57-667b-4c26-acd3-ac2c02e5cc49&sheet=356ec7d6-ba72-45d2-9fca-8eeadebc3c3f&bookmark=9876a0c4-b966-46c8-8982-7d4f0c701581&lang=pt-BR&theme=sense&opt=ctxmenu&select=clearall","https://bi2.pr.gov.br/single/?appid=93c1bb57-667b-4c26-acd3-ac2c02e5cc49&sheet=356ec7d6-ba72-45d2-9fca-8eeadebc3c3f&bookmark=9876a0c4-b966-46c8-8982-7d4f0c701581&lang=pt-BR&theme=sense&opt=ctxmenu&select=clearall","https://bi2.pr.gov.br/single/?appid=93c1bb57-667b-4c26-acd3-ac2c02e5cc49&sheet=356ec7d6-ba72-45d2-9fca-8eeadebc3c3f&bookmark=9876a0c4-b966-46c8-8982-7d4f0c701581&lang=pt-BR&theme=sense&opt=ctxmenu&select=clearall","https://bi2.pr.gov.br/single/?appid=93c1bb57-667b-4c26-acd3-ac2c02e5cc49&sheet=356ec7d6-ba72-45d2-9fca-8eeadebc3c3f&bookmark=9876a0c4-b966-46c8-8982-7d4f0c701581&lang=pt-BR&theme=sense&opt=ctxmenu&select=clearall",NA,"https://www.detran.pr.gov.br/","https://www.detran.pr.gov.br/Pagina/Educacao-para-o-Transito","https://www.detran.pr.gov.br/autoescola"
"8",8,"RJ","https://www.detran.rj.gov.br/veiculo/veiculos-outros/estatistica-veiculos.html","https://www.detran.rj.gov.br/images/transparencia/anuario_estatistico/anuario_estatistico_detran_rj_2024.pdf","https://www.detran.rj.gov.br/veiculo/veiculos-outros/estatistica-veiculos.html","https://detran.rj.gov.br/images/transparencia/anuario_estatistico/anuario_estatistico_detran_rj_2024.pdf",NA,"https://www.detran.rj.gov.br/transparencia/institucional/ouvidoria-fale-conosco.html","https://www.detran.rj.gov.br/menu/menu-educacao.html","https://www.detran.rj.gov.br/consultas/consultas-hab/lista-de-frotas-cfcs.html"
"9",9,"MS","https://paineis.msindicadores.ms.gov.br/publico/single/?appid=677d876a-42d3-48e3-b5af-654bfafb32a9&sheet=c16c2a0b-436f-45f1-9fe0-01aeb0ea1a2a&theme=breeze&opt=ctxmenu,currsel","https://paineis.msindicadores.ms.gov.br/publico/single/?appid=677d876a-42d3-48e3-b5af-654bfafb32a9&sheet=c16c2a0b-436f-45f1-9fe0-01aeb0ea1a2a&theme=breeze&opt=ctxmenu,currsel","https://paineis.msindicadores.ms.gov.br/publico/single/?appid=677d876a-42d3-48e3-b5af-654bfafb32a9&sheet=e03118fd-629c-4ab3-8fc9-6a4532a0465e&theme=breeze&opt=ctxmenu,currsel","https://dd.serpro.gov.br/publico/sense/app/03878a1c-2594-4435-82d1-41559d2f950b/sheet/58bfbc60-946f-4e3f-8ca8-17e08dac8d0a/state/analysis",NA,"https://www.meudetran.ms.gov.br/?acao=faleconosco&acao=faleconosco","https://www.detran.ms.gov.br/educacao-2/divisao-de-educacao-2/","https://paineis.msindicadores.ms.gov.br/publico/single/?appid=677d876a-42d3-48e3-b5af-654bfafb32a9&sheet=7bdfaf0a-04ef-4263-b947-3bf063740f6a&theme=breeze&opt=ctxmenu,currsel"
"10",10,"MT","https://www.detran.mt.gov.br/veiculos1","https://www.detran.mt.gov.br/carteira-nacional-de-habilitacao-cnh-","https://www.detran.mt.gov.br/anuario","https://www.detran.mt.gov.br/anuario","https://www.detran.mt.gov.br/ouvidoria1","https://www.detran.mt.gov.br/sede","https://www.detran.mt.gov.br/servicos?c=9895444&e=10061717","https://www.detran.mt.gov.br/consulte-por-municipio"
"11",11,"PE","https://estatisticas.detran.pe.gov.br/veiculos/estado/","https://estatisticas.detran.pe.gov.br/habilitacao/estado/","https://estatisticas.detran.pe.gov.br/infracoes/",NA,NA,"https://www.detran.pe.gov.br/","https://www.detran.pe.gov.br/sempre-alerta-detran/educacao","https://online7.detran.pe.gov.br/MvcHabilitacao/Consultar/ListarCentroFormacaoCondutores"
"12",12,"MG","https://app.powerbi.com/view?r=eyJrIjoiMzIxMGZjZTQtZDRiOC00NDUyLWE1OWItMjdjMzEwMWI1NmE4IiwidCI6ImU1ZDNhZTdjLTliMzgtNDhkZS1hMDg3LWY2NzM0YTI4NzU3NCJ9","https://transito.mg.gov.br/sobre-1/transparencia/relatorios-de-gestao","https://transito.mg.gov.br/sobre-1/transparencia/relatorios-de-gestao",NA,"https://transito.mg.gov.br/atendimento","https://transito.mg.gov.br/atendimento","https://transito.mg.gov.br/educacao-no-transito","https://transito.mg.gov.br/parceiros-credenciados/centro-de-formacao-de-condutores/consultar-cfcs-credenciados"
"13",13,"DF","https://www.detran.df.gov.br/dados-mensais/","https://www.detran.df.gov.br/dados-mensais/",NA,"https://www.detran.df.gov.br/dados-mensais/",NA,"https://www.detran.df.gov.br/institucional-menu-lai-contatos-html/","https://www.detran.df.gov.br/acoes-educativas-de-transito/","https://www.detran.df.gov.br/texto-credenciados/"
"14",14,"ES","https://analytics-detran.sides.es.gov.br/SASVisualAnalytics/?reportUri=%2Freports%2Freports%2F8af22e94-6e3c-45d2-b8eb-085c6f1ee077&sectionIndex=0&sso_guest=true&reportViewOnly=true&reportContextBar=false&pageNavigation=false&sas-welcome=false","https://analytics-detran.sides.es.gov.br/SASVisualAnalytics/?reportUri=%2Freports%2Freports%2F8af22e94-6e3c-45d2-b8eb-085c6f1ee077&sectionIndex=0&sso_guest=true&reportViewOnly=true&reportContextBar=false&pageNavigation=false&sas-welcome=false","https://detran.es.gov.br/anuarioinfracoes","https://analytics-detran.sides.es.gov.br/SASVisualAnalytics/?reportUri=%2Freports%2Freports%2F8af22e94-6e3c-45d2-b8eb-085c6f1ee077&sectionIndex=0&sso_guest=true&reportViewOnly=true&reportContextBar=false&pageNavigation=false&sas-welcome=false","https://analytics-detran.sides.es.gov.br/SASVisualAnalytics/?reportUri=%2Freports%2Freports%2F8af22e94-6e3c-45d2-b8eb-085c6f1ee077&sectionIndex=0&sso_guest=true&reportViewOnly=true&reportContextBar=false&pageNavigation=false&sas-welcome=false","https://app.powerbi.com/view?r=eyJrIjoiZDVmNjgxYTctN2IyOS00ZGJhLTg4ZDUtODNjNTM3NzM2MjYxIiwidCI6ImMwYjZkYjhiLThlY2QtNDRhNy1iMTk0LWRlZTAzMGQ1MzA5MyJ9","https://detran.es.gov.br/educacao","https://renach2.es.gov.br/Habilitacao/publico/pub_consulta_CFC.aspx"
"15",15,"CE","https://www.detran.ce.gov.br/estatisticas-2025/","https://www.detran.ce.gov.br/wp-content/uploads/2025/03/04_Habilitados_Municipios_Categoria_Fev25.pdf","https://www.detran.ce.gov.br/wp-content/uploads/2025/03/04_Habilitados_Municipios_Categoria_Fev25.pdf",NA,NA,"https://www.detran.ce.gov.br/ouvidoria/","https://educacao.detran.ce.gov.br/","https://credencia.detran.ce.gov.br/credencia/site/home_solicitante/login"
"16",16,"RO","https://www.detran.ro.gov.br/post/40/2023/9/12/evolucao-da-frota-veicular/","https://www.detran.ro.gov.br/post/43/2023/9/12/anuario-estatistico-condutores-habilitados/",NA,"https://www.detran.ro.gov.br/post/39/2023/9/12/anuario-estatistico-de-sinistros-de-transito-de-rondonia/",NA,"https://www.detran.ro.gov.br/pagina/8/ciretran-s-detran-ro","https://www.detran.ro.gov.br/post/categoria/escola-publica/","https://transparencia.detran.ro.gov.br/secao/index/94"
"17",17,"AC","https://www.detran.ac.gov.br/estatisticas/","https://www.detran.ac.gov.br/estatisticas/",NA,"https://www.detran.ac.gov.br/estatisticas/",NA,"https://www.detran.ac.gov.br/institucional/fale-conosco/","https://www.detran.ac.gov.br/educacao/educacao-de-transito/","https://www.detran.ac.gov.br/cnh-habilitacao/cnh-credenciados/"
"18",18,"AL","http://indicadores.detran.al.gov.br/estatistica/frota-2/","http://indicadores.detran.al.gov.br/condutores/","http://indicadores.detran.al.gov.br/estatistica/infracoes/","https://indicadores.detran.al.gov.br/estatistica/sinistros-de-transito-em-alagoas/",NA,"https://www.detran.al.gov.br/conteudo/a-ouvidoria/","https://www.detran.al.gov.br/educacao/","https://www.detran.al.gov.br/habilitacao/entidades-credenciadas/1/2785/"
"19",19,"AM","https://www.detran.am.gov.br/acesso-a-informacao/programas-e-acoes/","https://www.detran.am.gov.br/acesso-a-informacao/programas-e-acoes/","https://www.detran.am.gov.br/acesso-a-informacao/programas-e-acoes/","https://www.detran.am.gov.br/acesso-a-informacao/programas-e-acoes/",NA,"https://www.detran.am.gov.br/postos-atendimento/","https://www.detran.am.gov.br/educacao-no-transito/","https://www.detran.am.gov.br/tipos-de-credenciado/capital/"
"20",20,"MA","https://portal.detrannet.detran.ma.gov.br/Veiculo/RelatorioFrota.cshtml",NA,NA,NA,NA,"http://www.detran.ma.gov.br/","http://educacao.detran.ma.gov.br/Educacao/consulta/Index.xhtml","http://www.detran.ma.gov.br/"
"21",21,"PB","https://detran.pb.gov.br/institucional-1/estatisticas/veiculos/frota","https://detran.pb.gov.br/institucional-1/estatisticas/condutores","https://detran.pb.gov.br/institucional-1/estatisticas/infracoes","https://www.gov.br/transportes/pt-br/assuntos/transito/arquivos-senatran/docs/renaest","https://app.powerbi.com/view?r=eyJrIjoiMjM4NmRkZGYtOWFhOC00YTQwLTk2MDgtOTJlMmUyYmJiNDA3IiwidCI6IjgxYzUyNzVkLTIxMjMtNDU0Yi1iMjEwLTI4MWI0NjVmZGI4YSJ9","https://app.powerbi.com/view?r=eyJrIjoiMjM4NmRkZGYtOWFhOC00YTQwLTk2MDgtOTJlMmUyYmJiNDA3IiwidCI6IjgxYzUyNzVkLTIxMjMtNDU0Yi1iMjEwLTI4MWI0NjVmZGI4YSJ9","https://detran.pb.gov.br/imagens/imagens-detran-tudo/fotos-noticias/acoes-educacao-de-transito","https://detran.pb.gov.br/habilitacao-1/relacao"
"22",22,"BA","https://www.ba.gov.br/detran/frota","https://www.ba.gov.br/detran/condutores","https://www.ba.gov.br/detran/infracoes","https://www.gov.br/transportes/pt-br/assuntos/transito/arquivos-senatran/docs/renaest","https://homologa.ba.gov.br/detran/atendimento","https://www.detran.ba.gov.br/fale-conosco.php","https://www.ba.gov.br/detran/educacao","https://www.ba.gov.br/detran/credenciados"
"23",23,"AP",NA,NA,NA,NA,NA,"https://www.detran.ap.gov.br/detranap/institucional/postos-de-atendimento/","https://www.detran.ap.gov.br/detranap/educacao/","https://www.detran.ap.gov.br/detranap/habilitacao/"
"24",24,"PA","https://dashboard-frota.detran.pa.gov.br/",NA,NA,NA,NA,"https://www.detran.pa.gov.br/index_.php#","https://www.detran.pa.gov.br/index_.php#","https://www.detran.pa.gov.br/index_.php"
"25",25,"TO","https://www.to.gov.br/detran/estatisticas/648n9y5l71de",NA,NA,NA,NA,"https://www.to.gov.br/detran/contatos/6rp9e6qt1pdi","https://www.to.gov.br/detran/educacao-para-o-transito/63g5fsxn5758","https://www.to.gov.br/detran/centro-de-formacao-de-condutores-auto-escolas/6qnpfzbzlxgx"
"26",26,"PI",NA,NA,NA,NA,NA,"https://portal.pi.gov.br/detran/ouvidoria-detran/","https://portal.pi.gov.br/detran/anuarios/","https://portal.pi.gov.br/detran/cfcs/"
"27",27,"RR",NA,NA,NA,NA,NA,"https://www.detran.rr.gov.br/","https://www.detran.rr.gov.br/educacao/informacoes-gerais/","https://www.detran.rr.gov.br/habilitacao-cnh/consultas/cfcs-credenciadas/"
